{
  "version": "7",
  "dialect": "postgresql",
  "entries": [
    {
      "idx": 0,
      "version": "7",
      "when": 1750581188229,
      "tag": "0000_hot_the_fallen",
      "breakpoints": true
    },
    {
      "idx": 1,
      "version": "7",
      "when": 1750689835736,
      "tag": "0001_tricky_jackpot",
      "breakpoints": true
    },
    {
      "idx": 2,
      "version": "7",
      "when": 1752569400809,
      "tag": "0002_cuddly_pretty_boy",
      "breakpoints": true
    },
    {
      "idx": 3,
      "version": "7",
      "when": 1755377469662,
      "tag": "0003_long_polaris",
      "breakpoints": true
    }
  ]
}